,MARINE,BEACH,MOUNTAIN,SONIC STAGE,PACIFIC,J-CULTURE
10:00,,,,,,
10:05,,,,,,
10:10,,,,Doul,,
10:15,,,,Doul,,
10:20,,,,Doul,,
10:25,,,,Doul,,
10:30,,,CVLTE,Doul,,
10:35,,,CVLTE,Doul,,
10:40,Novelbright,,CVLTE,Doul,,
10:45,Novelbright,,CVLTE,,,
10:50,Novelbright,,CVLTE,,,PIGGS
10:55,Novelbright,,CVLTE,,,PIGGS
11:00,Novelbright,,,CHAMELEON LIME WHOOPIEPIE,,PIGGS
11:05,Novelbright,,,CHAMELEON LIME WHOOPIEPIE,,PIGGS
11:10,Novelbright,Chilli Beans.,,CHAMELEON LIME WHOOPIEPIE,,PIGGS
11:15,Novelbright,Chilli Beans.,,CHAMELEON LIME WHOOPIEPIE,,PIGGS
11:20,Novelbright,Chilli Beans.,,CHAMELEON LIME WHOOPIEPIE,Who-ya Extended,PIGGS
11:25,,Chilli Beans.,,CHAMELEON LIME WHOOPIEPIE,Who-ya Extended,
11:30,,Chilli Beans.,,CHAMELEON LIME WHOOPIEPIE,Who-ya Extended,
11:35,Mrs. GREEN APPLE,Chilli Beans.,,CHAMELEON LIME WHOOPIEPIE,Who-ya Extended,
11:40,Mrs. GREEN APPLE,,The Linda Lindas,CHAMELEON LIME WHOOPIEPIE,Who-ya Extended,
11:45,Mrs. GREEN APPLE,,The Linda Lindas,,Who-ya Extended,
11:50,Mrs. GREEN APPLE,,The Linda Lindas,,,
11:55,Mrs. GREEN APPLE,,The Linda Lindas,,,LEO
12:00,Mrs. GREEN APPLE,,The Linda Lindas,,,LEO
12:05,Mrs. GREEN APPLE,,The Linda Lindas,CHAI,,LEO
12:10,,,The Linda Lindas,CHAI,,LEO
12:15,,,The Linda Lindas,CHAI,,LEO
12:20,,,The Linda Lindas,CHAI,Regal Lily,
12:25,,,,CHAI,Regal Lily,
12:30,beabadoobee,yonawo,,CHAI,Regal Lily,
12:35,beabadoobee,yonawo,,CHAI,Regal Lily,
12:40,beabadoobee,yonawo,,CHAI,Regal Lily,
12:45,beabadoobee,yonawo,,CHAI,Regal Lily,
12:50,beabadoobee,yonawo,渋谷すばる,,Regal Lily,WENDY
12:55,beabadoobee,yonawo,渋谷すばる,,,WENDY
13:00,beabadoobee,yonawo,渋谷すばる,,,WENDY
13:05,beabadoobee,yonawo,渋谷すばる,,,WENDY
13:10,beabadoobee,yonawo,渋谷すばる,,,WENDY
13:15,,,渋谷すばる,Squid,,WENDY
13:20,,,渋谷すばる,Squid,WONFU,WENDY
13:25,,,渋谷すばる,Squid,WONFU,
13:30,,,渋谷すばる,Squid,WONFU,
13:35,Rina Sawayama,,,Squid,WONFU,
13:40,Rina Sawayama,,,Squid,WONFU,
13:45,Rina Sawayama,,,Squid,WONFU,
13:50,Rina Sawayama,chilldspot,,Squid,WONFU,神使轟く、激情の如く。
13:55,Rina Sawayama,chilldspot,,Squid,WONFU,神使轟く、激情の如く。
14:00,Rina Sawayama,chilldspot,BLUE ENCOUNT,,,神使轟く、激情の如く。
14:05,Rina Sawayama,chilldspot,BLUE ENCOUNT,,,神使轟く、激情の如く。
14:10,Rina Sawayama,chilldspot,BLUE ENCOUNT,,,神使轟く、激情の如く。
14:15,Rina Sawayama,chilldspot,BLUE ENCOUNT,,,神使轟く、激情の如く。
14:20,,chilldspot,BLUE ENCOUNT,,Billkin,神使轟く、激情の如く。
14:25,,chilldspot,BLUE ENCOUNT,Awesome City Club,Billkin,
14:30,,chilldspot,BLUE ENCOUNT,Awesome City Club,Billkin,
14:35,,,BLUE ENCOUNT,Awesome City Club,Billkin,
14:40,,,BLUE ENCOUNT,Awesome City Club,Billkin,
14:45,マキシマムザホルモン,,,Awesome City Club,Billkin,
14:50,マキシマムザホルモン,,,Awesome City Club,Billkin,BRIDEAR
14:55,マキシマムザホルモン,,,Awesome City Club,,BRIDEAR
15:00,マキシマムザホルモン,,,Awesome City Club,,BRIDEAR
15:05,マキシマムザホルモン,,,Awesome City Club,,BRIDEAR
15:10,マキシマムザホルモン,Sambomaster,All Time Low,,,BRIDEAR
15:15,マキシマムザホルモン,Sambomaster,All Time Low,,,BRIDEAR
15:20,マキシマムザホルモン,Sambomaster,All Time Low,,RAISE A SUILEN,BRIDEAR
15:25,マキシマムザホルモン,Sambomaster,All Time Low,,RAISE A SUILEN,
15:30,,Sambomaster,All Time Low,,RAISE A SUILEN,
15:35,,Sambomaster,All Time Low,Vaundy,RAISE A SUILEN,
15:40,,Sambomaster,All Time Low,Vaundy,RAISE A SUILEN,
15:45,,Sambomaster,All Time Low,Vaundy,RAISE A SUILEN,
15:50,,Sambomaster,All Time Low,Vaundy,RAISE A SUILEN,
15:55,,Sambomaster,,Vaundy,RAISE A SUILEN,
16:00,,,,Vaundy,RAISE A SUILEN,ザ・リーサルウェポンズ
16:05,,,,Vaundy,,ザ・リーサルウェポンズ
16:10,,,,Vaundy,,ザ・リーサルウェポンズ
16:15,,,,Vaundy,,ザ・リーサルウェポンズ
16:20,,,Fishbone,Vaundy,,ザ・リーサルウェポンズ
16:25,,,Fishbone,,,ザ・リーサルウェポンズ
16:30,,,Fishbone,,,ザ・リーサルウェポンズ
16:35,,HENTAI SHINSHI CLUB,Fishbone,,,
16:40,,HENTAI SHINSHI CLUB,Fishbone,,BAND-MAID,
16:45,,HENTAI SHINSHI CLUB,Fishbone,,BAND-MAID,
16:50,,HENTAI SHINSHI CLUB,Fishbone,Aimer,BAND-MAID,
16:55,,HENTAI SHINSHI CLUB,Fishbone,Aimer,BAND-MAID,
17:00,,HENTAI SHINSHI CLUB,Fishbone,Aimer,BAND-MAID,
17:05,,HENTAI SHINSHI CLUB,Fishbone,Aimer,BAND-MAID,
17:10,Måneskin,HENTAI SHINSHI CLUB,Fishbone,Aimer,BAND-MAID,
17:15,Måneskin,HENTAI SHINSHI CLUB,,Aimer,BAND-MAID,
17:20,Måneskin,HENTAI SHINSHI CLUB,,Aimer,,ASH DA HERO
17:25,Måneskin,HENTAI SHINSHI CLUB,,Aimer,,ASH DA HERO
17:30,Måneskin,,,Aimer,,ASH DA HERO
17:35,Måneskin,,ザ・クロマニョンズ,Aimer,,ASH DA HERO
17:40,Måneskin,,ザ・クロマニョンズ,,,ASH DA HERO
17:45,Måneskin,,ザ・クロマニョンズ,,,ASH DA HERO
17:50,Måneskin,,ザ・クロマニョンズ,,,ASH DA HERO
17:55,Måneskin,,ザ・クロマニョンズ,,,ASH DA HERO
18:00,,never young beach,ザ・クロマニョンズ,,"Fear, and Loathing in Las Vegas",ASH DA HERO
18:05,,never young beach,ザ・クロマニョンズ,,"Fear, and Loathing in Las Vegas",ASH DA HERO
18:10,,never young beach,ザ・クロマニョンズ,Kacey Musgraves,"Fear, and Loathing in Las Vegas",ASH DA HERO
18:15,,never young beach,ザ・クロマニョンズ,Kacey Musgraves,"Fear, and Loathing in Las Vegas",
18:20,,never young beach,ザ・クロマニョンズ,Kacey Musgraves,"Fear, and Loathing in Las Vegas",
18:25,King Gnu,never young beach,ザ・クロマニョンズ,Kacey Musgraves,"Fear, and Loathing in Las Vegas",
18:30,King Gnu,never young beach,,Kacey Musgraves,"Fear, and Loathing in Las Vegas",
18:35,King Gnu,never young beach,,Kacey Musgraves,"Fear, and Loathing in Las Vegas",
18:40,King Gnu,never young beach,,Kacey Musgraves,"Fear, and Loathing in Las Vegas",
18:45,King Gnu,never young beach,,Kacey Musgraves,"Fear, and Loathing in Las Vegas",
18:50,King Gnu,never young beach,,Kacey Musgraves,,バックドロップシンデレラ
18:55,King Gnu,never young beach,,Kacey Musgraves,,バックドロップシンデレラ
19:00,King Gnu,,The Offspring,Kacey Musgraves,,バックドロップシンデレラ
19:05,King Gnu,,The Offspring,Kacey Musgraves,,バックドロップシンデレラ
19:10,King Gnu,,The Offspring,Kacey Musgraves,,バックドロップシンデレラ
19:15,King Gnu,,The Offspring,,,バックドロップシンデレラ
19:20,King Gnu,,The Offspring,,,バックドロップシンデレラ
19:25,King Gnu,Tahiti 80,The Offspring,,,
19:30,,Tahiti 80,The Offspring,,HYDE,
19:35,,Tahiti 80,The Offspring,,HYDE,
19:40,,Tahiti 80,The Offspring,,HYDE,
19:45,,Tahiti 80,The Offspring,St. Vincent,HYDE,
19:50,,Tahiti 80,The Offspring,St. Vincent,HYDE,
19:55,The 1975,Tahiti 80,The Offspring,St. Vincent,HYDE,
20:00,The 1975,Tahiti 80,The Offspring,St. Vincent,HYDE,
20:05,The 1975,Tahiti 80,The Offspring,St. Vincent,HYDE,
20:10,The 1975,Tahiti 80,,St. Vincent,HYDE,
20:15,The 1975,Tahiti 80,,St. Vincent,HYDE,
20:20,The 1975,Tahiti 80,,St. Vincent,HYDE,
20:25,The 1975,,,St. Vincent,HYDE,
20:30,The 1975,,,St. Vincent,,
20:35,The 1975,,MAN WITH A MISSION,St. Vincent,,
20:40,The 1975,,MAN WITH A MISSION,St. Vincent,,
20:45,The 1975,,MAN WITH A MISSION,St. Vincent,,
20:50,The 1975,,MAN WITH A MISSION,St. Vincent,,
20:55,The 1975,KIRINJI,MAN WITH A MISSION,St. Vincent,,
21:00,The 1975,KIRINJI,MAN WITH A MISSION,St. Vincent,,
21:05,,KIRINJI,MAN WITH A MISSION,,,
21:10,,KIRINJI,MAN WITH A MISSION,,,
21:15,,KIRINJI,MAN WITH A MISSION,,,
21:20,,KIRINJI,MAN WITH A MISSION,,,
21:25,,KIRINJI,MAN WITH A MISSION,,,
21:30,,KIRINJI,MAN WITH A MISSION,,,
21:35,,KIRINJI,MAN WITH A MISSION,,,
21:40,,KIRINJI,MAN WITH A MISSION,,,
21:45,,KIRINJI,MAN WITH A MISSION,,,
21:50,,,,,,
21:55,,,,,,
22:00,,,,,,